Name 1,Name 2,Override Name,Address 1,City,State,Zip Code
Fairview University Oncology Pharmacy,,,424 Harvard St SE,Minneapolis,MN,55455
Fairview Oxboro Pharmacy,,,600 W 98th St Ste 220,Bloomington,MN,55420
Fairview Centennial Lakes Pharmacy,,,7373 France Ave S Ste 206,Edina,MN,55435
Fairview Home Medical Equipment,,,2200 University Ave W Ste 110,Saint Paul,MN,55114
Fairview Clinics - Edina,,,6545 France Ave S Ste 150,Edina,MN,55435
Fairview Cedar Ridge Pharmacy,,,15650 Cedar Ave Ste 1,Apple Valley,MN,55124
Northwestern Minnesota Juvenile Center,,,1231 NW 5th St,Bemidji,MN,56619
Highland Chateau,,,2319 7th St W,Saint Paul,MN,55116
Richfield Medical Group,,,6440 Nicollet Ave,Richfield,MN,55423
Fairview Compounding Pharmacy,,,711C Kasota Ave SE,Minneapolis,MN,55414
Belmont Nursing & Rehab Center,,,110 Belmont Rd,Madison,WI,53714
Lacrosse County Health Dept.,,,300 4th St N Fl 2,La Crosse,WI,54601
Fairview IDS Pharmacy,,,420 Delaware St SE,Minneapolis,MN,55455
Fairview Center for Women - Edina,,,6525 France Ave S Ste 100,Edina,MN,55435
Fairview Center for Women - Edina,,Minnesota Gynecology & Surgery,7450 France Ave S Ste 240,Minneapolis,MN,55435
UMMC Southdale Cancer Clinic,,,6363 France Ave S,Edina,MN,55435
Traverse Care Center,,,303 7th St S,Wheaton,MN,56296
Fairview University Village Pharmacy,,,2545 University Ave SE,Minneapolis,MN,55414
Fairview Pharmacy Smiley's Clinic,,,2020 E 28th St,Minneapolis,MN,55407
Fairview Masonic Day Pharmacy,,,424 Harvard St SE Ste 300,Minneapolis,MN,55455
Crutchfield Dermatology,,,1185 Town Centre Dr Ste 101,Eagan,MN,55123
Minnesota Heart Clinic,,,6405 France Ave S Ste 200,Edina,MN,55435
Urologic Physicians - Burnsville,,,303 E Nicollet Blvd Ste 310,Burnsville,MN,55337
Urologic Physicians - Burnsville,,,1515 Saint Francis Ave Ste 250,Shakopee,MN,55379
Surgical Consultants PA,,,6405 France Ave S Ste W440,Edina,MN,55435
HealthEast St. John's Hospital,,,1575 Beam Ave,Maplewood,MN,55109
HealthEast Woodwinds Health Campus,,,1925 Woodwinds Dr,Woodbury,MN,55125
Fairview Pharmacy Maple Grove,,,14500 99th Ave N Ste 1A029,Maple Grove,MN,55369
Fairview Oncology Pharmacy Maple Grove,,,14500 99th Ave N Ste 0A030,Maple Grove,MN,55369
Fairview Clinics - Rogers,,,14040 Northdale Blvd,Rogers,MN,55374
Fairview Clinics - Bass Lake,,,6320 Wedgwood Rd N,Maple Grove,MN,55311
University of Minnesota Health Maple Grove Clinics,,,14500 99th Ave N,Maple Grove,MN,55369
Fairview Clinics - Lakeville,,,18580 Joplin Ave,Lakeville,MN,55044
LB Homes,Lakeland Homecare,,805 E Channing Ave,Fergus Falls,MN,56537
Fairview Andover Pharmacy,,,13819 Hanson Blvd NW Ste 100,Andover,MN,55304
Fairview Maple Grove Surgery Center,,,14500 99th Ave N,Maple Grove,MN,55369
Fairview Maple Grove Surgery Center,,Maple Grove Ambulatory Care Center,14500 99th Ave N,Maple Grove,MN,55369
Institute for Athletic Medicine - Apple Valley,,,15650 Cedar Ave Ste 160,Apple Valley,MN,55124
Institute for Athletic Medicine,,,701 25th Ave S Ste 500,Minneapolis,MN,55454
Institute for Athletic Medicine,Brooklyn Park Edinbrook,,8559 Edinbrook Pkwy Ste 104,Brooklyn Park,MN,55443
Institute for Athletic Medicine - Bloomington,,,600 W 98th St Ste 390,Bloomington,MN,55420
Institute for Athletic Medicine,Blaine National Sports Center,,1750 105th Ave NE,Blaine,MN,55449
Institute for Athletic Medicine - Eden Prairie,,,775 Prairie Center Dr Ste 250,Eden Prairie,MN,55344
Institute for Athletic Medicine - Eden Prairie,,,800 Prairie Center Dr Ste 230,Eden Prairie,MN,55344
Institute for Athletic Medicine,Eagan & Eagan Chiropractic,,1440 Duckwood Dr Ste 300,Eagan,MN,55122
Institute for Athletic Medicine - Burnsville,,,675 E Nicollet Blvd,Burnsville,MN,55337
Fairview Clinics - Fairview Sports&Orthopedic Care,Burnsville,,501 E Nicollet Blvd Ste 100,Burnsville,MN,55337
Institute for Athletic Medicine - Elk River,,,800 Freeport Ave NW Ste 200,Elk River,MN,55330
Institute for Athletic Medicine - Edina,,Iam Braemar,7201 Washington Ave S,Edina,MN,55439
Institute for Athletic Medicine - Edina,,Iam Edina,7110 France Ave S,Edina,MN,55435
Institute for Athletic Medicine - Edina,,,6363 France Ave S Ste 100,Edina,MN,55435
Institute for Athletic Medicine - Highland Park,,,2155 Ford Pkwy Ste A,Saint Paul,MN,55116
Institute for Athletic Medicine,Fairview Sports and Ortho,,14040 Northdale Blvd,Rogers,MN,55374
Institute for Athletic Medicine,Maple Grove Arbor Lakes,,12000 Elm Creek Blvd N Ste 120,Maple Grove,MN,55369
Institute for Athletic Medicine - Lakeville,,,18592 Joplin Ave,Lakeville,MN,55044
Institute for Athletic Medicine - Maplewood,,,1650 Beam Ave Ste 101,Maplewood,MN,55109
Institute for Athletic Medicine - Maple Grove,,,14500 99th Ave N Ste 1-210,Maple Grove,MN,55369
Institute for Athletic Medicine,Occupational Rehab,,650 Taft St NE Ste 400,Minneapolis,MN,55413
Institute for Athletic Medicine - Minnetonka,,,13560 Wayzata Blvd,Minnetonka,MN,55305
Institute for Athletic Medicine - Roseville,,,1955 W County Rd  Ste B2,Roseville,MN,55113
Institute for athletic Medicine - Robbinsdale,and Robbinsdale Chiropractic,,4080 W Broadway Ave Ste 300,Robbinsdale,MN,55422
Institute for Athletic Medicine - Plymouth,,,9750 Rockford Rd Ste 200,Plymouth,MN,55442
Institute for Athletic Medicine,Uptown & Uptown Chiropractic,,3033 Excelsior Blvd Ste 225,Minneapolis,MN,55416
Institute for Athletic Medicine - St Anthony,,,2600 39th Ave NE Ste 220,Minneapolis,MN,55421
Institute for Athletic Medicine - Woodbury,,,7616 Currell Blvd Ste 270,Saint Paul,MN,55125
Institute for Athletic Medicine - West Health,,,2805 Campus Dr Ste 115,Plymouth,MN,55441
Fariview Hand Centers Edina,,,6363 France Ave S Ste 105,Edina,MN,55435
Hand Centers  Elk River,,,800 Freeport Ave NW,Elk River,MN,55330
Fariview Hand Centers Burnsville,,,675 E Nicollet Blvd Ste 225,Burnsville,MN,55337
Fairview Hand Centers University &,University Therapy Center,,2450 Riverside Ave Ste R102,Minneapolis,MN,55454
Fairview Hand Centers Minnetonka,,,12993 Ridgedale Dr,Minnetonka,MN,55305
Fairview Hand Centers Riverside,,,2450 Riverside Ave,Minneapolis,MN,55454
Fairview Clinics - Blaine,,,10961 Club West Pkwy Ste 100,Blaine,MN,55449
Fairview Clinics - Andover,,,13819 Hanson Blvd NW,Andover,MN,55304
Fairview Clinics - Brooklyn Park,,,10000 Zane Ave N,Brooklyn Park,MN,55443
Fairview Clinics - Fridley,,,6401 University Ave NE Ste 100,Fridley,MN,55432
Fairview Clinics - Fridley,,Fairview Fridley Clinic,6341 University Ave NE,Fridley,MN,55432
Health Dimensions Group,,,12900 Whitewater Dr Ste 201,Minnetonka,MN,55343
Frazee Care Center,,,219 W Maple Ave,Frazee,MN,56544
Luthern Homes of Muscatine,,,2421 Lutheran Dr,Muscatine,IA,52761
Marycrest Assisted Living,,,2850 Columbine Rd Ofc,Denver,CO,80221
Fairview New Brighton Pharmacy,,,1151 Silver Lake Rd NW,New Brighton,MN,55112
Fairview Wholesale Pharmacy,,,711 Kasota Ave SE,Minneapolis,MN,55414
Select Senior Living of Coon Rapids,,,11350 Martin St NW,Coon Rapids,MN,55433
Surgical Consultants - Business Office,,,4570 W 77th St Ste 235,Edina,MN,55435
Surgical Consultants PA - Burnsville Clinic,,,303 E Nicollet Blvd Ste 300,Burnsville,MN,55337
Surgical Consultants PA - VeinSolutions,,,6525 France Ave S Ste 275,Edina,MN,55435
Gramercy Club at Burnhaven Drive,,,15001 Burnhaven Dr,Burnsville,MN,55306
Institute for Athletic Medicine - Rosemount,,,15075 Cimarron Ave Ste 20,Rosemount,MN,55068
Fairview Clinics - Rosemount,,,15075 Cimarron Ave Ste 10,Rosemount,MN,55068
Fairview Clinics - University Village Childrens,,Fairview Clinic University Village,2525 University Ave SE,Minneapolis,MN,55414
Fairview Clinics - University Village Childrens,,,2535 University Ave SE,Minneapolis,MN,55414
Hilltop Healthcare,,,2501 Rice Lake Rd,Duluth,MN,55811
Fairview Clinics - Pond Center,,,9600 3rd Ave S,Minneapolis,MN,55420
Fairview Pharmacy - Blaine,,,10961 Club West Pkwy Ste 100,Blaine,MN,55449
The Carlyle Care Center,,,206 S Post St,Spokane,WA,99201
Fairview Infusion Services,,,909 Fulton St SE,Minneapolis,MN,55455
Fairview Orthotics and Prosthetics - Minneapolis,,,606 24th Ave S Ste 301,Minneapolis,MN,55454
Fairview Orthotics and Prosthetics - Blaine,,,10961 Club West Pkwy Ste 200,Minneapolis,MN,55449
Fairview Orthotics and Prosthetics - St. Paul,,,2200 University Ave W Ste 114,Saint Paul,MN,55114
Fairview Orthotics and Prosthetics - Burnsville,,,501 E Nicollet Blvd Ste LL50,Burnsville,MN,55337
Fairview Orthotics and Prosthetics - Edina,,,6363 France Ave S Ste 110,Edina,MN,55435
Fairview Pharmacy Red Wing,,,701 Hewitt Blvd,Red Wing,MN,55066
Fairview Pharmacy Prior Lake,,,4151 Willowwood St SE,Prior Lake,MN,55372
Faribault Senior Living,,,843 Faribault Rd,Faribault,MN,55021
Fairview Pharmacy Residential Services,,,711 Kasota Ave SE Ste D,Minneapolis,MN,55414
Little Falls Care Center,,,1200 1st Ave NE,Little Falls,MN,56345
Bridgeway Senior Housing,,,103 12th St NE,Little Falls,MN,56345
Summit Hill Senior Living,,,1824 Old Hudson Rd,Saint Paul,MN,55119
Fairview Clinics - Bloomington Lake Minneapolis,,,1527 E Lake St Ste 150,Minneapolis,MN,55407
Fairview Clinics - Chisago Lakes,,,11725 Stinson Ave,Chisago City,MN,55013
Fairview Clinics - Burnsville,,,303 E Nicollet Blvd Ste 160,Burnsville,MN,55337
Fairview Southdale Oncology Pharmacy,,,6363 France Ave S,Minneapolis,MN,55435
Fairview at Southern Oregon University,,,1250 Siskiyou Blvd,Ashland,OR,97520
Heritage Lakeside,,,1016 Lakeshore Dr,Rice Lake,WI,54868
Wisconsin Vets Home at Chippewa Falls,,,2175 E Park Ave,Chippewa Falls,WI,54729
Fairview Pharmacy North Branch,,,5366 386th St NE,North Branch,MN,55056
Fairview Medical Group,,,451 Lexington Pkwy N,Saint Paul,MN,55104
Fairview Clinics - Chisago Lakes Sleep Center,,,11725 Stinson Ave,Chisago City,MN,55013
Fairview Clinics - Fairview Express Care Princeton,,,1100 7th Ave S,Princeton,MN,55371
Fairview Clinics - Primary Care Clinic,,,2450 Riverside Ave Ste F-105,Minneapolis,MN,55454
Fairview Clinics - Fairview Express Care Elk River,,,19425 Evans St NW,Elk River,MN,55330
Minnesota Heart Clinic - Burnsville,,,201 E Nicollet Blvd,Burnsville,MN,55337
Fairview Hand Center - Blaine,,,10961 Club West Pkwy Ste 200,Minneapolis,MN,55449
Fairview Clinics - Center for Bladder,,Fairview Ridges Clinic,305 E Nicollet Blvd Ste 372,Burnsville,MN,55337
Fairview Clinics - Center for Bladder,,,501 E Nicollet Blvd Ste 120,Burnsville,MN,55337
Fairview Physical Therapy - Brooklyn Park,,,10000 Zane Ave N,Minneapolis,MN,55443
Fairview Clinics - Burnsville Pain,,,14101 Fairview Dr Ste 300,Burnsville,MN,55337
Fairview Clinics - Brooklyn Park Sleep Center,,,10000 Zane Ave N Ste 202,Minneapolis,MN,55443
Fairview Clinics - Maple Grove,,,14500 99th Ave N,Maple Grove,MN,55369
Fairview Clinics - Pain Management Blaine,,,10961 Club West Pkwy,Minneapolis,MN,55449
Fairview Clinics - Fairview Sports&Orthopedic Care,,,775 Prairie Center Dr Ste 250,Eden Prairie,MN,55344
Fairview Hand Center - Eden Prairie,,,775 Prairie Center Dr Ste 250,Eden Prairie,MN,55344
Fairview Pharmacy Rosemount,,,15075 Cimarron Ave Ste 3,Rosemount,MN,55068
Fairview Pharmacy Fridley,,,6341 University Ave NE Ste 101,Minneapolis,MN,55432
Molecular and Cellular Lab - UMMC,,,1900 Fitch Ave,Saint Paul,MN,55108
McHenry Villa,,,3516 Waukegan Rd,McHenry,IL,60050
Fairview Pharmacy Burnsville SCC,,,14101 Fairview Dr Ste 100,Burnsville,MN,55337
LB Broen Home,,,824 S Sheridan St,Fergus Falls,MN,56537
Fairview Pharmacy Ridges Cancer Clinic,,,14101 Fairview Dr Ste 200,Burnsville,MN,55337
Fairview Pharmacy Chisago City,,,11725 Stinson Ave,Chisago City,MN,55013
Applewood Pointe Southtown,,,8100 Russell Ave S,Minneapolis,MN,55431
Ridges Medical Office Building,,,14101 Fairview Dr,Burnsville,MN,55337
Elyian Senior Homes of Chanhassen,,,1850 Pioneer Trl,Chanhassen,MN,55317
University of Minnesota Health,Clinics and Surgery Center,,909 Fulton S SE,Minneapolis,MN,55455
RM Management LLC,,,820 Lilac Dr N Ste 170,Minneapolis,MN,55422
"Maple Hill Senior Living, LLC",,,3030 Southlawn Dr,Saint Paul,MN,55109
Meadow Ridge Senior Living LLC,,,7475 Country Club Dr,Minneapolis,MN,55427
"Valley Care & Rehab, LLC",,,600 5th St SE,Barnesville,MN,56514
Minnesota Institute for Pain Management,,Minnesota Institute for Pain Management,10532 Hawthorn Trl,Woodbury,MN,55129
Minnesota Institute for Pain Management,,,2780 Snelling Ave N Ste 304,Saint Paul,MN,55113
Healthcare Purchasing Connection,,Brothers CafΘ + Bistro,901 Willmar Ave SE,Willmar,MN,56201
Healthcare Purchasing Connection,,,7505 Metro Blvd Ste 100,Edina,MN,55439
Fairview Purchasing Network,,,2450 Riverside Ave,Minneapolis,MN,55454
Park River Estates Care Center,,,9899 Avocet St NW,Coon Rapids,MN,55433
M Health Ambulatory Surgery Center,,,909 Fulton St SE Fl 5,Minneapolis,MN,55455
M Health CSC Outpatient Clinics,,,909 Fulton St SE,Minneapolis,MN,55455
Grand Itasca Clinic & Hospital,,,1601 Golf Course Rd,Grand Rapids,MN,55744
Grand Itasca Clinic & Hospital - Pro Building,,,111 SE 3rd St,Grand Rapids,MN,55744
Grand Itasca Clinic & Hospital - YMCA Clinic,,,400 River Rd,Grand Rapids,MN,55744
Grand Itasca Retail Pharmacy,,,1601 Golf Course Rd,Grand Rapids,MN,55744
Fairview Pediatric Rehabilitation - Monticello,,,305 Cedar St Ste 102,Monticello,MN,55362
Fairview Pediatric Rehabilitation - New Hope,,,9220 Bass Lake Rd Ste 260,New Hope,MN,55428
Quinlan Home,,,391 Pleasant Ave,Saint Paul,MN,55102
Urologic Physicians - Edina,,,6363 France Ave S Ste 500,Minneapolis,MN,55435
Fairview Clinics - Primary Care Skin,,,775 Prairie Center Dr Ste 210,Eden Prairie,MN,55344
Institute for Athletic Medicine - Golden Valley,,,8301 Golden Valley Rd,Minneapolis,MN,55427
Institute for Athletic Medicine - Blaine,,,10961 Club West Pkwy Ste 200,Blaine,MN,55449
Institute for Athletic Medicine-Brooklyn Park Zane,,,10000 Zane Ave N,Brooklyn Park,MN,55443
Institute for Athletic Medicine - Fridley,,,6341 University Ave NE Ste 104,Fridley,MN,55432
Institute for Athletic Medicine-Minneapolis Fulton,,,909 Fulton St SE Fl 5,Minneapolis,MN,55455
Institute for Athletic Medicine,Minneapolis University Village,,2525 University Ave SE,Minneapolis,MN,55414
Institute for Athletic Medicine-Plymouth City Ctr,Plymouth City Center Medical Bldg,,15655 37th Ave N Ste 250,Minneapolis,MN,55446
Institute for Athletic Medicine,University Orthopaedic Therapy,,2512 S 7th St Ste R102,Minneapolis,MN,55454
Fairview Clinics - Forest Lake ISD 831,,,6101 Scandia Trl N Rm 411,Forest Lake,MN,55025
Fairview Physical Therapy - Blaine,,,10961 Club West Pkwy Ste 200,Blaine,MN,55449
Fairview Clinic - Weight Loss Clinic Edina,,,6405 France Ave S Ste W440,Edina,MN,55435
Fairview Clinic,Pain Management Center Riverside,,606 24th Ave S,Minneapolis,MN,55454
Fairview Clinics - Sleep Center Edina,,,6401 France Ave S,Edina,MN,55435
Fairview Clinics - Sleep Center Burnsville,,,14101 Fairview Dr Ste 300,Burnsville,MN,55337
Fairview Clinics - Sleep Center Princeton,,,911 Northland Dr,Princeton,MN,55371
Surgical Consultants PA - VeinSolutions,,,12680 Arbor Lakes Pkwy N,Maple Grove,MN,55369
Fairview Clinics-North Hennepin Community College,,,7411 85th Ave N,Minneapolis,MN,55445
"IntegraDose Compounding Services, LLC",,,719 Kasota Ave SE,Minneapolis,MN,55414
Dimensions Home Health Care,,,202 S Greenleaf St Ste C,Gurnee,IL,60031
The Hotel Landing,,,925 Lake St E,Wayzata,MN,55391
Nine Twenty Five,,,925 Lake St E,Wayzata,MN,55391
"PreferredOne Administrative Services, Inc.",,,6105 Golden Hills Dr,Minneapolis,MN,55416
Shepherd of Grace,,,11175 27th Ave SE,Becker,MN,55308
HealthEast Pharmacy - St Paul,,,17 Exchange St W Ste 150,Saint Paul,MN,55102
HealthEast Pharmacy - Maplewood,,,2945 Hazelwood St Ste 105,Saint Paul,MN,55109
HealthEast Vadnais Heights Clinic,,,1055 Centerville Cir,Saint Paul,MN,55127
HealthEast Oakdale Clinic,,,1099 Helmo Ave N Ste 110,Saint Paul,MN,55128
HealthEast Midway Clinic,,,1390 University Ave W,Saint Paul,MN,55104
HealthEast Hugo Clinic,,,14688 Everton Ave N,Hugo,MN,55038
HealthEast Optimum Rehabilitation - Maplewood,,,1570 Beam Ave Ste 200,Maplewood,MN,55109
HealthEast Optimum Rehabilitation -  Midway,,,1690 University Ave W Ste 430,Saint Paul,MN,55104
HealthEast Midway Campus,,,1700 University Ave W,Saint Paul,MN,55104
HealthEast Spine Clinic,,,1747 Beam Ave,Maplewood,MN,55109
HealthEast Optimum Rehabilitation - Woodbury,,,1825 Woodwinds Dr Ste 100B,Woodbury,MN,55125
HealthEast Woodbury Clinic,,,1875 Woodwinds Dr,Saint Paul,MN,55125
HealthEast Roselawn Clinic,,,1983 Sloan Pl Ste 1,Saint Paul,MN,55117
HealthEast Stillwater Clinic,,,2900 Curve Crest Blvd W,Stillwater,MN,55082
HealthEast Maplewood Clinic,,,2945 Hazelwood St Ste 100,Maplewood,MN,55109
HealthEast Maplewood Clinic ENT,,,2945 Hazelwood St Ste 200,Maplewood,MN,55109
HealthEast Maplewood Infectious Disease Clinic,,,2945 Hazelwood St Ste 200,Maplewood,MN,55109
HealthEast Vascular Center,,,2945 Hazelwood St Ste 200,Maplewood,MN,55109
HealthEast Maplewood Audiology,,,2945 Hazelwood St Ste 200,Maplewood,MN,55109
HealthEast Maplewood Specialty SRVC,,,2945 Hazelwood St Ste 200,Maplewood,MN,55109
HealthEast Maplewood Clinic Podiatry,,,2945 Hazelwood St Ste 200,Maplewood,MN,55109
HealthEast Maplewood Allergy Care,,,2945 Hazelwood St Ste 200,Maplewood,MN,55109
HealthEast Bariatric Center,,,2945 Hazelwood St Ste 200,Maplewood,MN,55109
HealthEast Maplewood Endocrinology,,,2945 Hazelwood St Ste 200,Maplewood,MN,55109
HealthEast Maplewood Diabetes Care,,,2945 Hazelwood St Ste 200,Saint Paul,MN,55109
HealthEast St Joseph's Heart Care,,,45 10th St W,Saint Paul,MN,55102
HealthEast Pillars Hospice Home,,,6025 Upper 35th St N,Oakdale,MN,55128
HealthEast Cottage Grove Clinic,,,6936 Pine Arbor Dr S Ste 100,Cottage Grove,MN,55016
Nikola Vuljaj,M Health Fairview EMS (St. Paul),,799 Reaney Ave,Saint Paul,MN,55106
HealthEast Rice Street Clinic,,,980 Rice St,Saint Paul,MN,55117
HealthEast Tamarack Clinic,,,9900 Tamarack Rd,Woodbury,MN,55125
HealthEast Vascular Center - St Paul,,,17 Exchange St W Ste 600,Saint Paul,MN,55102
HealthEast St. Joseph's Hospital,,,45 10th St W,Saint Paul,MN,55102
HealthEast St Joseph's Hospital Pharmacy,,,45 10th St W Rm G400,Saint Paul,MN,55102
HealthEast Bethesda Hospital,,,559 Capitol Blvd,Saint Paul,MN,55103
HealthEast Care System,,,559 Capitol Blvd Ste 6S,Saint Paul,MN,55103
Fairview Pharmacy CBCD,,,2512 S 7th St Ste 105,Minneapolis,MN,55454
Fairview Home Infusion Duluth,,,1527 London Rd,Duluth,MN,55812
HealthEast Vascular Center - Maplewood,,,1570 Beam Ave Ste 300,Maplewood,MN,55109
HealtHeast Maplewood Peds For Health,,,2945 Hazelwood St Ste 100,Maplewood,MN,55109
HealthEast Maplewood Womens Care Midwives,,,2945 Hazelwood St Ste 100,Maplewood,MN,55109
Healtheast Midway Surgery Center,,,1700 University Ave W,Saint Paul,MN,55104
HealthEast Optimum Rehabilitation - Oakdale,,,1099 Helmo Ave N Ste 110,Saint Paul,MN,55128
HealthEast Neurological Associates of St Paul,,,1650 Beam Ave Ste 200,Saint Paul,MN,55109
HealthEast Neurological Associates of St Paul,,,17 Exchange St W Ste 850,Saint Paul,MN,55102
HealthEast Vadnais Heights Clinic,,,480 Highway 96 E,Vadnais Heights,MN,55127
HealthEast Medical Imaging,,,1723A Beam Ave,Maplewood,MN,55109
HealthEast Pain Center,,,1600 Saint Johns Blvd Ste 101,Maplewood,MN,55109
HealthEast Care Connection,,,710 19th Ave N,South Saint Paul,MN,55075
Elk River Senior Living,,,11124 183rd Cir NW,Elk River,MN,55330
MN Signature Care,,,5738 Hwy 27,Little Falls,MN,56345
Hawley Senior Living,,,923 5th St,Hawley,MN,56549
Golden Manor Corporation,,,1102 4th Ave NE,Barnesville,MN,56514
Golden Manor Corporation,,,1159 Garnet Blvd,Detroit Lakes,MN,56501
Golden Manor Corporation,,,1165 Garnet Blvd,Detroit Lakes,MN,56501
Patriot Assisted Living,,,124 Oriole Dr,Fergus Falls,MN,56537
Sunrise View Assisted Living,,,603 Louisiana Ave,Adrian,MN,56110
HealthEast Bethesda Hospital Pharmacy,,,559 Capitol Blvd,Saint Paul,MN,55103
HealthEast St Joseph's Hospital Pharmacy,,,45 10th St W,Saint Paul,MN,55102
HealthEast St John's Hospital Pharmacy,,,1575 Beam Ave,Maplewood,MN,55109
HealthEast Woodwinds Hospital Pharmacy,,,1925 Woodwinds Dr,Woodbury,MN,55125
Chemical Dependency Hospital Pharmacy,HealthEast St Joseph's,,45 10th St W,Saint Paul,MN,55102
Chemical Dependency Hospital Pharmacy,HealthEast St Joseph's,"FAIRVIEW ST JOHNS HOSPITAL, Clinic - Int",1655 Beam Ave Ste 111,Saint Paul,MN,55109
HealthEast Clinics St Joseph's Hospital Pharmacy,,,45 10th St W,Saint Paul,MN,55102
Shiloh Assisted Living,,,5834 Country Care Ln,Pequot Lakes,MN,56472
Fairview Clinic - Mall of America,,,332 E Broadway Fl 3,Minneapolis,MN,55425
Vibrant Health - River Falls,,,1687 E Division St,River Falls,WI,54022
Vibrant Health - Ellsworth,,,144 S Plum St,Ellsworth,WI,54011
Vibrant Health - Spring Valley,,,130 McKay Ave,Spring Valley,WI,54767
Rowley Masonic Community,,,1300 28th St,Perry,IA,50220
Caraton Commons,,,1550 Arcadian Ln,De Pere,WI,54115
Caraton Commons Green Bay,,,653 Woodside Rd,Green Bay,WI,54311
Golden Horizons of Aitkin,,,518 7th Ave NE,Aitkin,MN,56431
Golden Horizons of Crosslake,,,13631 E Shore Rd,Crosslake,MN,56442
Golden Horizons of Ida Grove,,,800 Byron Godbersen Dr,Ida Grove,IA,51445
Golden Horizons of Sandstone,,,1109 Lundorff Dr,Sandstone,MN,55072
Golden Horizons of Worthington,,,1790 Collegeway,Worthington,MN,56187
Park Lane Estates,,,410 Park Ln SE,Preston,MN,55965
LB Homes,,,805 E Channing Ave,Fergus Falls,MN,56537
Wilson Tool International,,,12912 Farnham Ave N,Saint Paul,MN,55110
LB Alcott Manor Assisted Living,,,418 E Alcott Ave,Fergus Falls,MN,56537
LB Woodland Lodge Assisted Living,,,394 Woodland Dr,Fergus Falls,MN,56537
LB Sheridan House,,,808 S Sheridan St,Fergus Falls,MN,56537
LB Home Care,,,805 E Channing Ave,Fergus Falls,MN,56537
Vermilion Senior Living,,,1232 Birch St N,Tower,MN,55790
Twin Valley Living Center,,,208 Oppegard Ave NW,Twin Valley,MN,56584
M Health Fairview River Falls Clinic,,,319 S Main St,River Falls,WI,54022
Fairview Outpatient Rehab,,,150 Cobblestone Ln,Burnsville,MN,55337
Twins Medical Inc,,,761 Milton St N,Saint Paul,MN,55104
Fairview Healtheast MED Research INST MS Center,,,1747 Beam Ave Ste 100,Saint Paul,MN,55109
Fairview Health Services,,,323 Stinson Blvd,Minneapolis,MN,55413
Nikola Vuljaj,M Health Fairview EMS (Forest Lake),,21350 Forest Blvd N,Forest Lake,MN,55025
Masonic Institute for the Developing Brain,MIDB,,2025 E River Pkwy,Minneapolis,MN,55414
Nikola Vuljaj,M Health Fairview EMS (Eagan),,4390 Pilot Knob Rd,Eagan,MN,55122
Fairview Health Services (FHS),,,2450 Riverside Ave Ste 1,Minneapolis,MN,55454
M Health Fairview Crosstown Clinic,,,6545 France Ave S Ste 450,Minneapolis,MN,55435
Masonic Institute for the Developing Brain,MIDB,,2025 E River Pkwy,Minneapolis,MN,55414
"Central Minnesota Diagnostic, Inc.",,,PO Box 158,Milaca,MN,56353
"Central Minnesota Diagnostic, Inc.",,,150 10th St NW,Milaca,MN,56353
"Central Minnesota Diagnostic, Inc.",,CMDI St. Gabriel's Hospital,815 2nd St SE,Little Falls,MN,56345
Fairview Northland Regional Hospital,,,911 Northland Dr,Princeton,MN,55371
Fairview Ridges Hospital,,,201 E Nicollet Blvd,Burnsville,MN,55337
University of Minnesota Medical Center - West,Fairview Riverside Campus,UMMC West Loading Dock,2414 S 7th St,Minneapolis,MN,55454
University of Minnesota Medical Center - West,Fairview Riverside Campus,,2450 Riverside Ave,Minneapolis,MN,55454
University of Minnesota Medical Center - West,Fairview Riverside Campus,,2312 S 6th St Rm MB,Minneapolis,MN,55454
University of Minnesota Medical Center - West,Fairview Riverside Campus,Fairview MS Achievement Center,2200 University Ave W Ste 140,Saint Paul,MN,55114
Fairview Southdale Hospital,,,6401 France Ave S Ste 275,Edina,MN,55435
Fairview Southdale Hospital,,,6401 France Ave S,Minneapolis,MN,55435
Fairview Southdale Hospital,,Fairview Southdale UMP Heart Imaging,6405 France Ave S Ste W300,Edina,MN,55435
Fairview Health Services,,,PO Box 59318,Minneapolis,MN,55459
Fairview Health Services,,Fairview Clinics,425 E River Pkwy,Minneapolis,MN,55455
Fairview Health Services,,Fairview Diamond Lake Clinic,5346 Lyndale Ave S,Minneapolis,MN,55419
Fairview Health Services,,Fairview Hospital - Fairview University,425 E River Pkwy,Minneapolis,MN,55455
Fairview Health Services,,Fairview Lakeville Clinic,10450 185th St W Ste 300,Lakeville,MN,55044
Fairview Health Services,,Fairview Noland Clinic-Zimmerman,12980 Fremont Ave,Zimmerman,MN,55398
Fairview Health Services,,Fairview Southwest Clinic,6121 Wooddale Ave,Edina,MN,55424
Fairview Health Services,,Fairview St Michael Clinic,703 Thielen Dr,Saint Michael,MN,55376
Fairview Health Services,,Fairview UMC Bmt Clinic,516 Delaware St SE,Minneapolis,MN,55455
Fairview Health Services,,Fairview UMC Emergency Room,500 Harvard St SE,Minneapolis,MN,55455
Fairview Health Services,,Fairview UMC Gmt Clilnic,516 Delaware St SE,Minneapolis,MN,55455
Fairview Health Services,,Fairview UMC Opc Opthalmology,516 Delaware St SE,Minneapolis,MN,55455
Fairview Health Services,,Fairview UMC Opc Ophthalmology,516 Delaware St SE,Minneapolis,MN,55455
Fairview Health Services,,Fairview UMC Primary/Clinic,516 Delaware St SE,Minneapolis,MN,55455
Fairview Health Services,,Fairview University Medical Center,425 E River Pkwy,Minneapolis,MN,55455
Fairview Health Services,,Fairview Westridge Clinic,12450 Wayzata Blvd Ste 123,Minnetonka,MN,55305
Fairview Health Services,,Fairview-UMC Oncology Clinic,425 E River Pkwy,Minneapolis,MN,55455
Fairview Health Services,,Fairview Ridges Hospital,14101 Fairview Dr Ste 140,Burnsville,MN,55337
Fairview Health Services,,Fairview Lakes Medical Center,5200 Fairview Blvd  Fl 1,Wyoming,MN,55092
Fairview Health Services,,Fairview Clinics - Plymouth,12805 Highway 55 Ste 111,Plymouth,MN,55441
Fairview Health Services,,Fairview Clinics - Surgical Spec,303 E Nicollet Blvd Ste 120,Burnsville,MN,55337
Fairview Health Services,,Fairview Labs - Acute Care,303 E Nicollet Blvd Ste 180,Burnsville,MN,55337
Fairview Health Services,,Fairview Clinics - Internal Medicine,303 E Nicollet Blvd Ste 200,Burnsville,MN,55337
Fairview Health Services,,Fairview Clinics - Surgical Spec,303 E Nicollet Blvd Ste 200,Burnsville,MN,55337
Fairview Health Services,,Fairview SCPA - Vein Solution - MG,12680 Arbor Lakes Pkwy N,Maple Grove,MN,55369
Fairview Health Services,,Fairview Clinic - Burnsville Clinic,14101 Fairview Dr Ste 300,Burnsville,MN,55337
Fairview Health Services,,Professional Obstetrics & Gynecology,527 Medical Arts Building,Minneapolis,MN,55402
Fairview Health Services,,,2312 S 6th St,Minneapolis,MN,55454
Fairview Health Services,,Fairview Elk River Express Care,19425 Evans St NW,Elk River,MN,55330
Fairview Health Services,,Fairview Minnehaha Education Center,2020 Minnehaha Ave,Minneapolis,MN,55404
Fairview Health Services,,FAIRVIEW SUPPLY CHAIN,1700 University Ave W,Saint Paul,MN,55104
Fairview Health Services,,Fairview Clinics - Geriatric Services,3400 W 66th St Ste 290,Edina,MN,55435
Fairview Health Services,,,3400 W 66th St Ste 400,Edina,MN,55435
Fairview Health Services,,,2450 Riverside Ave,Minneapolis,MN,55454
Fairview Health Services,,Edina Specialty Clinic,6525 France Ave S Ste 200,Edina,MN,55435
Range Regional Health Services,,,750 E 34th St,Hibbing,MN,55746
Range Regional Health Services,,Fairview Greenview Residence,3520 7th Ave E,Hibbing,MN,55746
Fairview Clinics - Apple Valley,,,15650 Cedar Ave Ste 1,Apple Valley,MN,55124
Fairview Clinics - Riverside,,,701 25th Ave S Ste 402,Minneapolis,MN,55454
Fairview Clinics - Riverside,,,825 Nicollet Mall Ste 527,Minneapolis,MN,55402
Fairview Clinics - Eagan,,Eagan Medical Office Building,3305 Central Park Village Dr,Eagan,MN,55121
Fairview Clinics - Eagan,,,1440 Duckwood Dr Ste 400,Eagan,MN,55122
Fairview Clinics - Eden Prairie,,,830 Prairie Center Dr Ste 180,Eden Prairie,MN,55344
Fairview Clinics - Elk River,,,290 Main St NW Ste 100,Elk River,MN,55330
Fairview Edina Pharmacy,,,6401 France Ave S,Edina,MN,55435
Fairview Clinics - Highland Park,,,2270 Ford Parkway,Saint Paul,MN,55116
Fairview Home Infusion,,,711 Kasota Ave SE,Minneapolis,MN,55414
Fairview Home Infusion,,Inst for Womens Health,7922 Ewing Halsell Dr Ste 240,San Antonio,TX,78229
Fairview Clinics - New Brighton,,,1151 Silver Lake Rd NW,New Brighton,MN,55112
Fairview Clinics - Chaska,,,1447 White Oak Dr,Chaska,MN,55318
Fairview Clinics - Uptown,,,1203 Lagoon Ave,Minneapolis,MN,55408
Fairview Clinics - Uptown,,,3033 Excelsior Blvd Ste 275,Minneapolis,MN,55416
Fairview Clinics - Burnsville,,,303 E Nicollet Blvd Ste 100,Burnsville,MN,55337
Fairview Clinics - Bloomington,,,600 W 98th St Ste 10,Bloomington,MN,55420
Fairview Clinics - Bloomington,,Fairview Clinics,505 W 98th St,Bloomington,MN,55420
Fairview Clinics - Prior Lake,,,4151 Willowwood St SE,Prior Lake,MN,55372
Riverside Pharmacy,,,606 24th Ave S,Minneapolis,MN,55454
Fairview Northland Clinics,,,12980 Fremont Ave,Zimmerman,MN,55398
Fairview Clinics - Princeton,,,919 Northland Dr,Princeton,MN,55371
Fairview Clinics - Princeton,,FairviewClinics-PrincetonSpecialtyClinic,911 Northland Dr,Princeton,MN,55371
Southdale Medical Pharmacy,,,6545 France Ave S,Edina,MN,55435
C.H.I.L.D.,,,2511 E Franklin Ave,Minneapolis,MN,55406
C.H.I.L.D.,,C.H.I.L.D,250 Riverside Ave,Minneapolis,MN,55406
Augustana Health Care Center Of Minneapolis,,,1007 E 14th St,Minneapolis,MN,55404
Fairview Lakes Retail Pharmacy,,,5200 Fairview Blvd,Wyoming,MN,55092
Fairview Lakes Regional Hospital Pharmacy,,,5200 Fairview Blvd,Wyoming,MN,55092
Fairview Lakes Regional Hospital,,,5200 Fairview Blvd,Wyoming,MN,55092
Fairview Clinics - North Branch,,,5366 386th St NE,North Branch,MN,55056
Fairview Clinics - Rush City,,,760 W 4th St,Rush City,MN,55069
Bethel Manor,,,910 Ash St,Alexandria,MN,56308
Bethel Manor II,,,906 Ash St,Alexandria,MN,56308
Lac Qui Parle Clinic,,,930 1st Ave,Madison,MN,56256
Signe Burkhardt Manor,,,2533 1st Ave S,Minneapolis,MN,55404
Brookside Manor,,,804 Benson Rd Ste 100,Montevideo,MN,56265
Fairview Eagan Pharmacy,,,3305 Central Park Village Dr Ste 100,Eagan,MN,55121
Fairview Rush City Pharmacy,,,780 W 4th St,Rush City,MN,55069
Fairview Specialty Services Pharmacy,,,711 Kasota Ave SE,Minneapolis,MN,55414
Fairview Northeast Pharmacy,,,2839 Johnson St NE,Minneapolis,MN,55418
Fairview - University Clinic Pharmacy,,,PO Box 812,Minneapolis,MN,55440
Fairview - University Clinic Pharmacy,,,909 Fulton St SE Fl 1,Minneapolis,MN,55455
Fairview - University Discharge Pharmacy,,,PO Box 812,Minneapolis,MN,55440
Fairview - University Discharge Pharmacy,,,500 Harvard St SE,Minneapolis,MN,55455
Family Pharmacy,,,710 S Kenwood Ave,Moose Lake,MN,55767
Fairview Northland Pharmacy,,,115 2nd Ave SW,Milaca,MN,56353
Fairview Northland Pharmacy,,,12976 Fremont Ave,Zimmerman,MN,55398
Fairview Northland Pharmacy - Elk River,,,800 Freeport Ave NW,Elk River,MN,55330
Fairview Northland Pharmacy - Elk River,,,290 Main St NW,Elk River,MN,55330
Fairview Highland Park Pharmacy,,,2155 Ford Pkwy,Saint Paul,MN,55116
Fairview Highland Park Pharmacy,,Life Time,110 Healthy Way,Folsom,CA,95630
Fairview Northland Pharmacy,,,919 Northland Dr,Princeton,MN,55371
Fairview Clinics - Wyoming,,,5200 Fairview Blvd,Wyoming,MN,55092
Fairview Clinics - Wyoming,,,PO Box 368,Wyoming,MN,55092
North Memorial Clinic - Minnetonka Physicians,,,13560 Wayzata Blvd,Hopkins,MN,55305
Access Medical Clinic,,,2904 Johnson St NE,Minneapolis,MN,55418
University of Minnesota Medical Center - East,Fairview University Campus,,500 Harvard St SE,Minneapolis,MN,55455
University of Minnesota Medical Center - East,Fairview University Campus,University of Minnesota Medical Center -,420 Delaware St SE Rm MMC198,Minneapolis,MN,55455
University of Minnesota Medical Center - East,Fairview University Campus,,425 E River Pkwy Unit J,Minneapolis,MN,55455
Gillette Children's Specialty Healthcare,,,205 University Ave E,Saint Paul,MN,55101
Gillette Children's Specialty Healthcare,,,200 University Ave E,Saint Paul,MN,55101
Gillette Children's Specialty Healthcare,,Brainerd Lakes Clinic,15860 Audubon Way,Baxter,MN,56401
Gillette Children's Specialty Healthcare,,Burnsville Clinic,305 E Nicollet Blvd Ste 200,Burnsville,MN,55337
Gillette Children's Specialty Healthcare,,LakeWalk Center,1420 London Rd Ste 210,Duluth,MN,55805
Gillette Children's Specialty Healthcare,,,455 Phalen Blvd,Saint Paul,MN,55130
Gillette Children's Specialty Healthcare,,Lifetime Clinic,435 Phalen Blvd,Saint Paul,MN,55130
Gillette Children's Specialty Healthcare,,Maple Grove Clinic,9550 Upland Ln N Ste 220,Maple Grove,MN,55369
Gillette Children's Specialty Healthcare,,Lakeland Health Center,1303 1st St S Ste 1,Willmar,MN,56201
Gillette Children's Specialty Healthcare,,St. Cloud Clinic,1900 Centracare Cir,Saint Cloud,MN,56303
Gillette Children's Specialty Healthcare,,Bemidji Clinic,505 Paul Bunyan Dr NW,Bemidji,MN,56601
Gillette Children's Specialty Healthcare,,Alexandria Clinic,1500 Irving St,Alexandria,MN,56308
Gillette Children's Specialty Healthcare,,Mankato Clinic,1421 Premier Dr,Mankato,MN,56001
Fairview Range Home Medical Equipment,,,750 E 34th St,Hibbing,MN,55746
Fairview Range Home Medical Equipment,,,1101 E 37th St,Hibbing,MN,55746
